"","EQID","ISC.Catalog.ID","Earthquake.Name","YEAR","MODY","HRMN","Magnitude","Magnitude.Type","Preferred.Moment.Magnitude","Hypocenter.Latitude","Hypocenter.Longitude","Hypocenter.Depth..km."
"2475",2470,705627,"19761107R",1976,1107,400,5.99,"M",5.99,33.816,59.181,6.5
"2487",2477,701441,"19770321R",1977,321,2118,6.73,"M",6.73,27.581,56.359,12
"2532",2514,676813,"Tabas-Iran",1978,916,1535,7.35,"M",7.35,33.215,57.323,5.75
"2554",2530,676919,"19780918RR",1978,918,1735,4.75,"Ms",5.25,33.7331,56.9737,16.6
"2564",2538,671093,"19790116R",1979,116,950,6.52,"M",6.52,33.907,59.471,9.9
"2583",2545,655622,"19791114R",1979,1114,221,6.57,"M",6.57,33.951,59.726,9.1
"2600",2548,656234,"19791127R",1979,1127,1710,7.08,"M",7.08,34.052,59.755,7.4
"2626",2557,634221,"19801219R",1980,1219,116,6.19,"M",6.19,34.468,50.645,12.7
"2631",2558,634375,"19801222R",1980,1222,1251,5.74,"M",5.74,34.421,50.638,16.4
"2651",2576,624412,"19810728R",1981,728,1722,7.27,"M",7.27,29.966,57.767,13.6
"2668",2587,570404,"19830817R",1983,817,2157,4.3,"Ms",4.97,31.791,50.812,15
"2738",2633,387419,"19891120R",1989,1120,419,5.91,"M",5.91,29.901,57.718,14.9
"2744",2635,366754,"Manjil-Iran",1990,620,2100,7.37,"M",7.37,36.8358,49.3918,16
"2780",2652,348855,"19901227R",1990,1227,1326,4,"Ms",4.79,36.937,49.249,12.6
"2785",2653,348922,"19901228R",1990,1228,403,4.47,"Ms",5.08,36.972,49.208,15
"2789",2654,334442,"19910405R",1991,405,538,4.92,"mb",5.11,29.091,51.399,15
"2831",2689,181973,"19940317R",1994,317,806,4.7,"mb",4.86,29.043,52.625,15
"2849",2700,169872,"19940618R",1994,618,1242,4.47,"Ms",5.08,29.099,52.704,11.8
"2855",2703,170110,"19940620R",1994,620,909,5.9,"M",5.9,28.968,52.614,8.6
"2866",2705,170187,"19940621R",1994,621,415,4.68,"mb",4.84,28.996,52.65,10
"2889",2724,166728,"19940731R",1994,731,515,5.56,"M",5.56,32.678,48.421,16.8
"2903",2733,156817,"19940920R",1994,920,549,4.3,"mb",4.4,32.5805,48.5066,10
"2908",2736,133590,"19941208R",1994,1208,1254,4.8,"Ms",5.29,29.084,52.521,15.9
"2911",2737,134968,"19941215R",1994,1215,2324,4.66,"mb",4.81,28.999,52.606,15
"2954",2770,111221,"19950426R",1995,426,1146,4.3,"Ms",4.97,36.925,49.406,15
"3011",2813,943780,"19960124RA",1996,124,605,4.9,"Ms",5.35,29.594,51.098,25
"3014",2814,943788,"19960124RB",1996,124,707,4.75,"Ms",5.25,29.423,51.029,25
"3020",2818,944010,"19960125R",1996,125,1805,4.7,"Ms",5.22,29.355,50.984,25
"3024",2821,944137,"19960126R",1996,126,1311,4.73,"Ms",5.24,29.346,51.045,24
"3029",2823,944187,"19960126RB",1996,126,1901,4.28,"mb",4.38,28.714,52.355,15
"3031",2824,944459,"19960128R",1996,128,843,4.3,"Ms",4.97,34.279,46.456,21.7
"3038",2828,953734,"19960316R",1996,316,2018,4.7,"Ms",5.22,29.365,50.985,15
"3041",2829,953976,"19960318R",1996,318,311,4.03,"mb",4.09,29.485,50.945,15
"3044",2831,954202,"19960319R",1996,319,2040,4.35,"mb",4.46,29.415,50.972,15
"3047",2833,954392,"19960320R",1996,320,2224,4.57,"Ms",5.14,29.426,50.987,25
"3050",2835,954812,"19960323R",1996,323,402,4.38,"mb",4.49,28.885,52.7,15
"3058",2839,956513,"19960401AR",1996,401,1421,4.26,"mb",4.36,29.47,51.034,15
"3066",2845,958230,"19960410R",1996,410,2026,4.23,"mb",4.32,29.007,52.693,15
"3068",2846,960249,"19960422R",1996,422,1442,4.03,"Ms",4.8,39.224,47.396,28.4
"3086",2862,967183,"19960602R",1996,602,1242,4.28,"Ms",4.96,30.757,50.775,11.6
"3088",2863,968031,"19960607R",1996,607,503,4.25,"Ms",4.94,30.744,50.745,16
"3107",2875,982777,"19960825R",1996,825,1417,4.35,"mb",4.46,35.893,52.973,15
"3115",2880,997740,"19961118R",1996,1118,1152,5.25,"M",5.25,29.927,51.581,20
"3119",2883,1000138,"19961204R",1996,1204,239,4.4,"Ms",5.04,27.455,52.507,25
"3124",2887,1003589,"19961226R",1996,1226,917,4.17,"Ms",4.89,30.766,51.276,25
"3129",2889,1009567,"19970204AR",1997,204,953,5.46,"M",5.46,37.649,57.268,15.2
"3136",2891,1009589,"19970204BR",1997,204,1234,4.85,"Ms",5.32,37.6103,57.3146,10
"3141",2895,1009575,"19970204R",1997,204,1037,6.52,"M",6.52,37.661,57.291,10
"3304",2896,1009720,"19970205R",1997,205,753,5.23,"M",5.23,37.578,57.48,14.9
"3319",2908,1011349,"19970215AR",1997,215,1947,4.03,"Ms",4.8,28.962,52.598,15
"3325",2910,1011630,"19970217BR",1997,217,2253,3.4,"Ms",4.41,36.814,54.734,15
"3352",2927,1013321,"19970228R",1997,228,1257,6.13,"M",6.13,38.124,48.076,9.7
"3439",2971,1017584,"19970321R",1997,321,2300,4.3,"Ms",4.97,38.007,47.877,15
"3504",3026,1026215,"Zirkuh-Iran",1997,510,757,7.22,"M",7.22,33.82,59.8,10
"3547",3040,1033940,"19970625R",1997,625,1938,5.88,"M",5.88,33.938,59.475,10
"3572",3050,936667,"19970815R",1997,815,538,4.3,"Ms",4.97,30.626,56.58,15
"3578",3053,938093,"19970824R",1997,824,2111,4.33,"Ms",4.99,28.829,52.692,8
"3627",3092,1063682,"19980111R",1998,111,808,4.25,"Ms",4.94,30.434,50.633,20
"3636",3096,1075991,"19980209R",1998,209,534,4.03,"mb",4.09,33.839,48.423,15
"3658",3113,1081803,"19980314R",1998,314,1940,6.63,"M",6.63,30.154,57.605,9
"3704",3145,1091129,"19980410R",1998,410,1500,5.77,"M",5.77,32.45,60.063,7
"3778",3182,-999,"19980805R",1998,805,1427,5.64,"M",5.64,33.28,46.39,12
"3783",3185,-999,"19980821R",1998,821,513,4.98,"M",4.98,34.3,48.51,6
"3804",3190,-999,"19980921R",1998,921,2135,5.1,"M",5.1,30.92,51.53,6
"3855",3214,1324640,"19981118R",1998,1118,1137,4.34,"Ms",5,38.406,45.278,25.8
"3875",3225,1325429,"19981123R",1998,1123,1111,4.18,"Ms",4.9,38.297,45.141,19.8
"3901",3242,1435650,"19990102R",1999,102,328,4.2,"Ms",4.91,30.166,57.522,15
"3907",3245,1444712,"19990129R",1999,129,522,4.57,"Ms",5.14,30.459,50.691,26
"3945",3262,1546599,"19990326R",1999,326,1206,2.9,"Ms",4.1,36.539,50.142,15
"4012",3290,1677461,"19990512AR",1999,512,1948,2.75,"Ms",4.01,29.453,52.022,25
"4073",3324,1685085,"19990531R",1999,531,1911,3.82,"Ms",4.67,29.295,52.049,15
"4100",3340,1699956,"19990622R",1999,622,1704,3.84,"Ms",4.69,29.356,52.049,15
"4119",3352,1705041,"19990801R",1999,801,1922,3.5,"Ms",4.47,33.82,48.449,10
"4122",3353,1655064,"19990810R",1999,810,1933,4.34,"Ms",5,36.153,54.635,20
"4126",3354,1655286,"19990819R",1999,819,433,3.72,"Ms",4.61,38.388,46.428,15
"4136",3359,1656386,"19990924R",1999,924,1917,5.28,"M",5.28,28.66,51.353,13.7
"4154",3364,1656466,"19990927R",1999,927,231,2.8,"Ms",4.04,28.79,51.43,12
"4162",3366,1645972,"19991031R",1999,1031,1509,5.19,"M",5.19,29.354,51.845,15
"4167",3367,1649693,"19991108R",1999,1108,2137,5.5,"M",5.5,35.726,61.205,25.9
"4180",3378,1651042,"19991119R",1999,1119,440,5.4,"M",5.4,37.44,54.17,14
"4207",3388,1651754,"19991126R",1999,1126,427,5.33,"M",5.33,36.918,54.886,10
"4227",3401,1657969,"19991205R",1999,1205,1312,4.98,"M",4.98,35.632,61.188,20
"4230",3402,1657959,"19991205RR",1999,1205,6,4.24,"Ms",4.94,29.521,51.767,15
"4295",3443,1733512,"20000311R",2000,311,708,4.54,"M",4.54,28.609,51.309,25
"4321",3456,1735038,"20000503R",2000,503,901,5.07,"M",5.07,29.594,50.824,5
"4408",3501,1740770,"20001013BR",2000,1013,2112,4.18,"Ms",4.9,30.67,49.9,9
"4468",3531,1832246,"20010328R",2001,328,1634,5.34,"M",5.34,29.931,51.274,29.8
"4497",3547,1844126,"20010523R",2001,523,1431,4.63,"M",4.63,29.62,51.66,18
"4507",3555,1875055,"20010612R",2001,612,146,4.52,"M",4.52,38.98,47.2,5
"4547",3588,2354255,"20011117R",2001,1117,1214,4.7,"M",4.7,30.494,50.525,25
"4560",3597,2545275,"20020105R",2002,105,1443,4.42,"M",4.42,37.537,48.988,22.9
"4587",3605,2898785,"20020217R",2002,217,1303,5.34,"M",5.34,28.08,51.75,15
"4591",3606,2905144,"20020227R",2002,227,1549,3.43,"Ms",4.43,27.195,53.092,15
"4631",3626,2991647,"20020419R",2002,419,1346,5.23,"M",5.23,36.42,49.913,15
"4648",3628,3004368,"20020424AR",2002,424,1948,5.4,"M",5.4,34.641,47.404,10
"4662",3632,3004372,"20020424CR",2002,424,2011,4.07,"Ms",4.83,34.535,47.158,25
"4671",3633,3021775,"20020424R",2002,424,1943,4.92,"M",4.92,34.514,47.349,24.5
"4697",3646,3187856,"20020622AR",2002,622,258,6.47,"M",6.47,35.625,49.049,10
"4703",3649,3212172,"20020622CR",2002,622,645,5.16,"M",5.16,35.666,48.927,10
"4785",3658,3215342,"20020708R",2002,708,542,4.62,"M",4.62,31.771,50.67,19.9
"4797",3668,3360737,"20020828R",2002,828,2358,3.75,"Ms",4.63,30.725,50.492,15
"4804",3670,3362121,"20020902R",2002,902,100,5.23,"M",5.23,35.68,48.825,8
"4812",3674,3408441,"20020925R",2002,925,2228,5.62,"M",5.62,32.261,49.179,15
"4869",3715,6263834,"20021224AR",2002,1224,2217,4.56,"M",4.56,34.649,47.39,15
"4873",3716,6263718,"20021224R",2002,1224,1703,5.2,"M",5.2,34.555,47.456,4
"4889",3722,-999,"20030111R",2003,111,1745,5.21,"M",5.21,29.65,51.7,9
"4899",3726,6543633,"20030125R",2003,125,1749,3.8,"ML",4.25,29.279,51.358,15
"4918",3735,6612603,"20030312R",2003,312,30,3.48,"Ms",4.46,37.324,55.342,20
"4930",3742,6694307,"20030416R",2003,416,1106,3.85,"Ms",4.69,30.252,57.569,15
"4962",3763,6995850,"20030710AR",2003,710,1706,5.76,"M",5.76,28.304,54.208,14.2
"4971",3768,6995875,"20030710R",2003,710,1740,5.68,"M",5.68,28.238,54.078,14.3
"4991",3784,7054478,"20030804R",2003,804,328,5.63,"M",5.63,29.205,59.902,15
"4997",3787,7059787,"20030811R",2003,811,2012,5.04,"M",5.04,38.807,45.121,15
"5045",3812,7187207,"20031118AR",2003,1118,2338,3.23,"Ms",4.31,30.962,51.568,15
"5050",3813,7187198,"20031118R",2003,1118,2321,4.84,"M",4.84,31.404,51.219,15
"5063",3818,7194039,"20031128R",2003,1128,2319,5.03,"M",5.03,28.303,54.209,22.5
"5115",3862,7216130,"20031224R",2003,1224,349,4.89,"M",4.89,35.107,50.522,15
"5134",3878,7217667,"Bam-Iran",2003,1226,156,6.6,"M",6.6,28.984,58.359,6
"5221",3937,7227878,"20040106AR",2004,106,227,4.87,"M",4.87,31.816,49.733,15
"5227",3940,7228020,"20040106R",2004,106,631,4.96,"M",4.96,31.815,49.557,20
"5249",3956,7243562,"20040128AR",2004,128,1729,3.35,"Ms",4.38,28.945,58.241,15
"5287",3985,7302065,"20040302R",2004,302,751,5.13,"M",5.13,28.8052,51.1625,4.8
"5350",4026,7349375,"Baladeh-Iran",2004,528,1238,6.23,"M",6.23,36.3,51.56,20
"5586",4076,7415699,"20041006R",2004,1006,1114,5.22,"M",5.22,28.833,57.926,14.1
"5593",4078,7416330,"20041007R",2004,1007,2146,5.64,"M",5.64,37.399,54.583,16.8
"5633",4080,7416454,"20041008R",2004,1008,715,4.37,"ML",4.82,29.251,58.419,14.1
"5739",4133,7462059,"20050116R",2005,116,2033,4.15,"ML",4.6,37.864,46.934,14.1
"5746",4137,7467234,"20050130R",2005,130,830,4.75,"ML",5.2,29.277,58.455,14.1
"5760",4146,7473925,"20050222BR",2005,222,241,4.3,"ML",4.75,30.748,56.791,10
"5773",4155,8007175,"Dahuiyeh-Zarand-Iran",2005,222,225,6.53,"M",6.53,30.813,56.859,10
"5806",4158,7474391,"20050223R",2005,223,1719,4,"ML",4.45,30.761,56.795,14.1
"5811",4160,7474629,"20050224AR",2005,224,839,3.6,"ML",4.05,30.647,56.745,20.5
"5814",4161,7474792,"20050224R",2005,224,2326,3.72,"Ms",4.61,30.859,56.451,18.7
"5823",4164,7474827,"20050225R",2005,225,112,3.52,"Ms",4.49,30.75,56.757,10
"5830",4166,8007255,"20050226R",2005,226,545,3.7,"ML",4.15,30.771,56.783,14.2
"5838",4171,7475640,"20050227BR",2005,227,1320,3.44,"Ms",4.44,30.807,56.818,10
"5844",4174,7475637,"20050227CR",2005,227,1256,4.05,"ML",4.5,30.751,56.845,10
"5852",4177,7475815,"20050228R",2005,228,348,4,"ML",4.45,30.817,56.767,14.1
"5863",4183,7736738,"20050301R",2005,301,1613,3.53,"Ms",4.49,30.797,56.871,14.1
"5872",4186,7737340,"20050304R",2005,304,342,3.15,"Ms",4.26,30.788,56.753,14.1
"5878",4187,7739051,"20050306R",2005,306,902,3.9,"Ms",4.72,30.775,56.819,10
"5890",4193,7480455,"20050313R",2005,313,331,6.02,"M",6.02,26.794,62.062,10
"5904",4201,8007655,"20050319R",2005,319,129,2.83,"Ms",4.06,30.69,56.8,16.1
"5915",4208,8008115,"20050414R",2005,414,844,3.97,"ML",4.42,36.648,49.226,15.2
"5919",4210,8008215,"20050425R",2005,425,502,3.55,"ML",4,30.668,56.566,10
"5943",4219,-999,"20050502R",2005,502,321,3.2,"ML",3.65,30.87,57.03,14
"5947",4221,-999,"20050503R",2005,503,721,4.97,"M",4.97,33.711,48.685,11.8
"5952",4222,-999,"20050512AR",2005,512,2255,4.7,"mb",4.86,30.5,56.95,10
"5955",4223,-999,"20050512R",2005,512,1610,3.5,"ML",3.95,30.67,56.92,15
"5961",4226,-999,"20050514R",2005,514,1804,5.28,"M",5.28,30.678,56.862,10
"5977",4229,-999,"20050518R",2005,518,18,4.1,"mb",4.17,30.65,56.68,10
"5993",4240,-999,"20050714R",2005,714,1135,3.8,"ML",4.25,30.74,56.63,15
"6005",4245,-999,"20050804R",2005,804,2004,3.4,"ML",3.85,29.11,58.45,15
"6026",4253,7747591,"20050817AR",2005,817,2055,3.64,"Ms",4.56,37.903,57.521,24.9
"6029",4254,7670740,"20050817R",2005,817,1826,3.23,"Ms",4.31,39.053,44.361,10
"6039",4258,7519576,"20050901R",2005,901,1817,3.79,"Ms",4.65,39.405,44.656,7.2
"6047",4261,7993238,"20050905R",2005,905,500,3.8,"ML",4.25,30.956,56.586,10
"6058",4267,8010455,"20050924R",2005,924,1954,3.65,"ML",4.1,30.582,56.385,14.1
"6061",4268,-999,"20050926R",2005,926,1857,5.2,"M",5.2,37.34,47.82,14
"6075",4272,8545293,"20051102R",2005,1102,1928,3,"ML",3.45,29.216,58.466,18
"6098",4282,7773481,"20051129R",2005,1129,557,3.98,"Ms",4.77,37.397,54.437,25.6
"6135",4308,7997483,"20051226R",2005,1226,2315,5.08,"M",5.08,32.2,49.23,10
"6161",4326,8083681,"20060206R",2006,206,2331,3.16,"Ms",4.26,29.123,58.364,10
"6169",4330,8192754,"20060218R",2006,218,1103,3.98,"Ms",4.77,30.638,55.628,20
"6184",4336,8344117,"20060222CR",2006,222,2319,4,"ML",4.45,35.977,50.449,14.1
"6191",4340,8193301,"20060228R",2006,228,731,6.06,"M",6.06,28.206,56.461,18
"6275",4396,10613868,"20060330R",2006,330,1935,5.16,"M",5.16,33.542,48.745,7
"6283",4397,10613706,"20060330RR",2006,330,1616,3.99,"Ms",4.78,33.551,48.72,7
"6286",4398,10614049,"20060331AR",2006,331,131,5.2,"Ms",5.53,33.708,48.615,7
"6293",4401,10614402,"20060331BR",2006,331,1153,5.12,"M",5.12,33.651,48.663,7
"6310",4410,10614039,"Chalan-Chulan-Iran",2006,331,117,6.12,"M",6.12,33.484,48.864,18
"6350",4421,8503795,"20060402R",2006,402,159,2.77,"Ms",4.02,33.663,48.879,7
"6367",4432,8228876,"20060406R",2006,406,1536,3.78,"Ms",4.65,33.743,48.409,10
"6379",4440,10697703,"20060412R",2006,412,1147,3.83,"Ms",4.68,33.713,48.862,7
"6405",4458,9435610,"20060504R",2006,504,513,3.75,"ML",4.2,35.356,46.915,15
"6413",4463,10698301,"20060507R",2006,507,620,4.99,"M",4.99,30.766,56.566,15
"6434",4477,8443313,"20060606AR",2006,606,1703,4.86,"M",4.86,35.618,46.023,15
"6455",4489,8496055,"20060628R",2006,628,2102,5.84,"M",5.84,26.665,55.747,16.7
"6489",4510,11121540,"20060914R",2006,914,224,4,"Ms",4.79,29.291,51.319,20.3
"6494",4512,9082936,"20060916R",2006,916,1042,4.5,"Ms",5.1,37.538,57.746,12
"6510",4524,8788850,"20061009R",2006,1009,743,3.75,"Ms",4.63,30.758,56.675,15
"6519",4528,8860282,"20061105R",2006,1105,2006,4.86,"M",4.86,37.566,48.848,8.9
"6531",4533,9387218,"20061208R",2006,1208,758,4.01,"Ms",4.79,30.844,56.584,20
"6549",4544,11498927,"20070209R",2007,209,14,2.83,"Ms",4.06,36.772,54.479,29.5
"6556",4549,11510595,"20070226R",2007,226,1941,3.47,"ML",3.92,35.709,52.051,14.1
"6561",4552,11691828,"20070306R",2007,306,2230,4.16,"Ms",4.89,33.458,48.851,17.1
"6579",4559,11919474,"20070408R",2007,408,1121,3.64,"Ms",4.56,30.965,56.767,10
"6589",4566,11933824,"20070425R",2007,425,418,5.27,"M",5.27,28.169,56.296,29.6
"6597",4570,12652946,"20070511R",2007,511,1449,4.17,"ML",4.62,36.994,49.307,14.1
"6618",4582,12682727,"20070618AR",2007,618,1428,5.55,"M",5.55,34.507,50.858,14
"6626",4583,12682727,"20070618R",2007,618,1428,5.55,"M",5.55,34.507,50.858,14
"6681",4588,12766868,"20070711R",2007,711,650,5.18,"M",5.18,38.605,48.528,14.8
"6702",4593,12809435,"20070820R",2007,820,452,4.05,"ML",4.5,37.798,57.496,15
"6705",4594,12965456,"20070916R",2007,916,519,4.08,"ML",4.53,38.199,46.362,17.9
"6746",4607,13281148,"20071202R",2007,1202,959,3.55,"ML",4,38.246,46.496,14.1
"6770",4620,13214050,"20080213R",2008,213,2055,4.8,"Ms",5.29,31.787,50.937,10
"6786",4633,-999,"20080309R",2008,309,351,5.09,"M",5.09,33.36,59.35,7
"6807",4644,13227468,"20080505R",2008,505,2157,5.2,"M",5.2,28.352,54.066,15
"6813",4646,10968221,"20080527R",2008,527,618,4.34,"Ms",5,36.534,48.698,24.8
"6824",4648,13378378,"20080623R",2008,623,714,2.88,"Ms",4.09,29.267,58.353,10
"6827",4649,11687017,"20080625R",2008,625,956,3.2,"Ms",4.29,33.85,48.711,10
"6832",4651,13379325,"20080703R",2008,703,2310,5.18,"M",5.18,35.543,58.759,4
"6841",4657,14877757,"20080827R",2008,827,2152,5.81,"M",5.81,32.344,47.325,20.5
"6853",4660,13393243,"20080902R",2008,902,2000,5.07,"M",5.07,38.675,45.744,10.7
"6880",4675,13393964,"20080910R",2008,910,1100,6.13,"M",6.13,27.002,55.829,9.5
"6891",4676,13394041,"20080911AR",2008,911,216,5.06,"Ms",5.45,26.82,55.788,10
"6903",4683,11910496,"20080917AR",2008,917,1749,3.53,"ML",3.98,27.037,56.159,19.7
"6912",4687,13394536,"20080917R",2008,917,1743,5.28,"M",5.28,27.025,56.182,24.6
"6923",4692,11330094,"20081003R",2008,1003,1241,3.37,"Ms",4.39,38.06,44.578,18
"6936",4701,13397967,"20081024R",2008,1024,1410,3.99,"Ms",4.78,28.907,51.244,20
"6958",4714,13402149,"20081207R",2008,1207,1336,5.43,"M",5.43,26.884,55.909,11.1
"6965",4716,14882682,"20081208R",2008,1208,1441,5.15,"M",5.15,26.914,55.862,10
"6971",4717,13402334,"20081209R",2008,1209,1509,5.06,"M",5.06,26.903,55.815,22.3
"6983",4725,11677942,"20090215R",2009,215,2122,3.99,"Ms",4.78,31.092,57.028,2.5
"7033",4758,-999,"20090722R",2009,722,353,5.3,"M",5.3,26.77,55.79,9.6
"7091",4784,14287926,"20091224R",2009,1224,1717,2.78,"Ms",4.02,33.713,48.28,4.7
"7101",4790,14234790,"20100116R",2010,116,127,2.98,"Ms",4.15,37.587,48.504,3.7
"7119",4804,14324356,"20100223AR",2010,223,728,4.94,"M",4.94,32.582,48.42,14.1
"7130",4812,14325959,"20100223R",2010,223,1025,5.2,"M",5.2,32.583,48.371,14.2
"7149",4824,600180357,"20100514R",2010,514,1849,4.52,"Ms",5.11,29.382,51.519,7
"7187",4844,15008113,"20100724R",2010,724,1234,4.17,"Ms",4.89,26.926,53.719,14.1
"7190",4845,15049145,"20100730R",2010,730,1350,5.51,"M",5.51,35.222,59.252,7.1
"7211",4846,15049301,"20100731R",2010,731,652,5.45,"M",5.45,29.703,56.812,4
"7221",4848,15075943,"20100806R",2010,806,1915,3.29,"Ms",4.34,29.378,51.083,15
"7227",4850,15081368,"20100811R",2010,811,1726,4.23,"Ms",4.93,37.796,57.019,14.1
"7233",4853,15131413,"20100827R",2010,827,1923,5.79,"M",5.79,35.488,54.466,6.7
"7244",4855,15193195,"20100915R",2010,915,1957,3.69,"Ms",4.59,30.812,56.827,14.1
"7251",4858,15211288,"20100927R",2010,927,1122,5.95,"M",5.95,29.693,51.618,26.1
"7297",4872,15674101,"20101126R",2010,1126,1233,5.51,"M",5.51,28.04,52.473,12
"7304",4874,15681902,"20101201R",2010,1201,1955,4.92,"M",4.92,30.116,51.559,5.4
"7310",4876,15813625,"SouthRigan-Iran",2010,1220,1841,6.53,"M",6.53,28.443,59.153,13.3
"7333",4877,15905623,"20110105AR",2011,105,555,5.41,"M",5.41,30.181,51.699,15.8
"7339",4879,15906144,"20110105BR",2011,105,1632,3.76,"Ms",4.64,30.198,51.706,7
"7343",4881,15906145,"20110105CR",2011,105,1750,3.49,"Ms",4.47,30.225,51.786,6.1
"7355",4888,15909048,"20110107R",2011,107,2353,5.06,"M",5.06,30.098,51.56,17.6
"7361",4890,15909051,"20110108R",2011,108,24,5.17,"M",5.17,30.156,51.683,10.2
"7387",4897,601990163,"SouthRigan-Iran",2011,127,838,6.24,"M",6.24,28.289,58.948,10
"7411",4908,15977459,"20110128R",2011,128,420,5.28,"M",5.28,28.342,58.97,8.1
"7436",4925,16196156,"20110305R",2011,305,1124,5.31,"M",5.31,30.035,51.107,6.1
"7465",4943,16506968,"20110512R",2011,512,1425,4.17,"Ms",4.89,31.013,51.404,14.2
"7476",4950,601711512,"20110614R",2011,614,106,3.88,"ML",4.33,35.546,49.998,16.8
"7485",4953,16683829,"20110626R",2011,626,1947,5.16,"M",5.16,30.206,57.63,12.9
"7496",4959,16887723,"20110726R",2011,726,404,4.05,"Ms",4.82,36.515,56.89,6.4
"7499",4960,16947368,"20110811R",2011,811,2232,5,"M",5,36.597,54.82,15
"7517",4971,17394270,"Van-Turkey",2011,1023,1041,7.1,"M",7.1,38.691,43.497,19
"7533",4975,600221424,"20111204R",2011,1204,848,2.83,"Ms",4.06,37.317,55.349,7.2
"7551",4986,600190205,"20120111R",2012,111,1708,5.01,"M",5.01,36.365,52.833,16.4
"7566",4988,600733812,"20120116R",2012,116,1007,2.85,"Ms",4.07,37.923,44.852,2.3
"7569",4989,600212980,"20120119R",2012,119,1235,5.32,"M",5.32,36.288,58.835,8.3
"7588",4994,600320890,"20120205R",2012,205,610,4.9,"M",4.9,28.726,51.472,15
"7594",4997,600680473,"20120207R",2012,207,1659,3.9,"Ms",4.72,38.119,48.328,14.1
"7600",5001,600724008,"20120227R",2012,227,1848,5.26,"M",5.26,31.431,56.784,15
"7609",5007,600794119,"20120318R",2012,318,238,3.08,"Ms",4.21,36.822,49.202,14.1
"7634",5022,600971836,"20120503R",2012,503,1009,5.43,"M",5.43,32.738,47.605,10
"7642",5023,600980936,"20120505R",2012,505,446,2.85,"Ms",4.07,36.165,53.109,7
"7650",5028,601012001,"20120514R",2012,514,1012,4.64,"Ms",5.19,27.992,57.753,5
"7655",5031,601082710,"20120531R",2012,531,406,2.94,"Ms",4.12,32.049,51.056,7.9
"7660",5033,601196977,"20120627R",2012,627,225,3.68,"Ms",4.59,34.142,48.49,15
"7665",5034,601218160,"20120701AR",2012,701,249,5.11,"M",5.11,31.715,51.018,14.1
"7672",5036,601221100,"20120701R",2012,701,2201,5.09,"M",5.09,34.579,59.89,17.5
"7679",5038,605673245,"20120724AR",2012,724,656,3.88,"Ms",4.71,31.815,51.029,10
"7683",5039,601462458,"20120724R",2012,724,650,4.99,"M",4.99,31.841,51.02,10
"7700",5045,604846898,"Ahar-Varzaghan-Iran",2012,811,1234,6.24,"M",6.24,38.394,46.814,4
"7779",5053,604084449,"20120811DR",2012,811,1238,4.3,"ML",4.75,38.397,46.754,15.5
"7786",5055,601551797,"20120811EER",2012,811,1952,4.25,"M",4.25,38.482,46.775,14.5
"7794",5057,601551776,"20120811ER",2012,811,1244,4.13,"ML",4.58,38.458,46.643,14.1
"7802",5061,601565566,"20120811HR",2012,811,1230,4.73,"ML",5.18,38.462,46.748,15
"7818",5064,-999,"20120811IGR",2012,811,2224,5.05,"M",5.05,38.441,46.713,12
"7834",5066,601551788,"20120811IJR",2012,811,1543,4.65,"M",4.65,38.481,46.722,27.6
"7846",5068,601625742,"20120811IR",2012,811,1433,3.83,"ML",4.28,38.473,46.789,14.1
"7850",5070,601551785,"20120811JJR",2012,811,1521,4.58,"M",4.58,38.485,46.76,14.2
"7864",5072,601551777,"20120811KR",2012,811,1249,4.77,"Ms",5.27,38.474,46.84,14.2
"7880",5081,604084447,"Ahar-Varzaghan-Iran",2012,811,1223,6.43,"M",6.43,38.393,46.806,9
"7938",5082,604029671,"20120811RR",2012,811,1425,4.2,"Ms",4.91,38.454,46.674,17.2
"7946",5087,601551778,"20120811TR",2012,811,1305,4.03,"ML",4.48,38.407,46.722,4
"7956",5093,-999,"20120811WR",2012,811,1314,4.75,"M",4.75,38.426,46.684,6
"8002",5124,601554154,"20120813R",2012,813,156,4.42,"M",4.42,38.466,46.66,14.1
"8020",5137,602028389,"20120814CR",2012,814,1028,3.8,"ML",4.25,38.474,46.722,16.5
"8031",5143,601561357,"20120814ER",2012,814,1402,4.91,"M",4.91,38.46,46.764,14.1
"8058",5149,601765840,"20120814HR",2012,814,1636,3.4,"ML",3.85,38.419,46.7,6.9
"8071",5155,604084502,"20120814LR",2012,814,2010,3.2,"ML",3.65,38.417,46.784,8.3
"8091",5172,602028406,"20120815AR",2012,815,726,3.55,"ML",4,38.466,46.686,18
"8098",5176,602028417,"20120815CR",2012,815,1628,3.53,"ML",3.98,38.406,46.768,14.1
"8105",5180,601564146,"20120815ER",2012,815,1749,5.06,"M",5.06,38.445,46.664,14.2
"8147",5207,601564031,"20120816AR",2012,816,340,2.33,"Ms",3.74,38.459,46.706,14.2
"8165",5217,604084510,"20120816ER",2012,816,1219,3.45,"ML",3.9,38.426,46.666,4
"8173",5221,601765948,"20120816GR",2012,816,1515,3.73,"ML",4.18,38.477,46.707,14.1
"8184",5223,601783127,"20120816HR",2012,816,1714,4.86,"M",4.86,38.457,46.732,4
"8188",5225,601783127,"20120816JR",2012,816,1714,4.86,"M",4.86,38.457,46.732,4
"8211",5234,604846951,"20120816R",2012,816,15,3.4,"ML",3.85,38.423,46.645,5.2
"8228",5248,601643010,"20120817BR",2012,817,448,2.7,"Ms",3.97,38.446,46.689,14.1
"8234",5251,602028449,"20120817DR",2012,817,917,3.88,"ML",4.33,38.446,46.657,18
"8246",5259,601565589,"20120817HR",2012,817,2015,2.57,"Ms",3.89,38.444,46.674,4.3
"8317",5302,601669935,"20120819FR",2012,819,1937,2.4,"Ms",3.79,38.47,46.72,4.9
"8331",5311,604084522,"20120819R",2012,819,37,3.15,"ML",3.6,38.437,46.712,11.9
"8394",5349,601766497,"20120826AR",2012,826,936,2.97,"Ms",4.14,38.459,46.658,14.2
"8398",5351,601766498,"20120826BR",2012,826,943,3.03,"Ms",4.18,38.467,46.677,16.8
"8404",5353,601766503,"20120826CR",2012,826,1308,3.17,"Ms",4.27,38.455,46.679,18
"8411",5359,601696918,"20120826R",2012,826,213,3,"Ms",4.16,38.503,46.73,18
"8422",5421,601741089,"20120927R",2012,927,56,4.4,"Ms",5.04,38.474,46.644,18
"8438",5427,601794924,"20121008R",2012,1008,825,3.58,"Ms",4.52,38.421,46.61,14.1
"8445",5430,601819790,"20121010R",2012,1010,1656,4.91,"M",4.91,29.298,52.532,14
"8483",5615,607304565,"Khaki-Iran",2013,409,1152,6.46,"M",6.46,28.467,51.568,11.3
"8570",5694,602822174,"20130418R",2013,418,1039,4.98,"M",4.98,38.318,45.363,8
"8583",5700,603041127,"20130419R",2013,419,1306,2.87,"Ms",4.08,31.862,50.944,10
"8594",5707,602880315,"20130424BR",2013,424,604,3.53,"Ms",4.49,28.443,51.545,13.7
"8600",5711,602880312,"20130424R",2013,424,308,3.47,"Ms",4.46,33.514,50.478,9
"8611",5718,602918518,"20130501AR",2013,501,1631,3.68,"Ms",4.59,28.406,51.646,18.6
"8631",5736,602918521,"20130501R",2013,501,1831,4.99,"M",4.99,28.317,51.706,20
"8673",5766,-999,"20130512BR",2013,512,2240,4.4,"mb",4.52,29.581,52.733,14
"8709",5797,602948986,"20130513R",2013,513,2219,3.94,"Ms",4.75,28.411,51.686,10
"8782",5851,603490824,"20130927R",2013,927,1002,3.7,"Ms",4.6,37.36,45.13,14.2
"8801",5861,603806639,"20131122CR",2013,1122,1830,5.73,"M",5.73,34.289,45.555,10
"8808",5863,603801015,"20131122R",2013,1122,651,5.7,"M",5.7,34.353,45.438,10
"8818",5865,603810487,"20131124AR",2013,1124,1805,5.43,"M",5.43,34.3,45.593,13.8
"8828",5868,603820294,"20131128AR",2013,1128,1556,3.4,"Ms",4.41,29.289,51.324,10
"8832",5870,603820291,"20131128R",2013,1128,1351,5.79,"M",5.79,29.317,51.311,7.9
"8847",5872,603821243,"20131129R",2013,1129,605,3.03,"Ms",4.18,29.224,51.324,8
"8858",5880,604844584,"20131217R",2013,1217,2007,3.9,"ML",4.35,29.024,58.34,14
"8871",5363,602995878,"20120828R",2012,828,1746,3.33,"ML",3.78,38.433,46.735,13.2
"8874",5364,601755555,"20120829R",2012,829,1146,2.93,"Ms",4.12,38.425,46.629,14.1
"8882",5369,601664263,"20120831R",2012,831,834,2.7,"Ms",3.97,38.41,46.689,14.1
"8888",5370,601717324,"20120901R",2012,901,504,3.63,"ML",4.08,38.381,46.752,14.1
"8893",5371,604084556,"20120902AR",2012,902,253,3.45,"ML",3.9,38.409,46.855,13.5
"8897",5373,601670446,"20120902BR",2012,902,850,3.26,"Ms",4.32,38.456,46.746,14.1
"8921",5382,602996539,"20120903AR",2012,903,2243,3.4,"ML",3.85,38.429,46.667,5.9
"8929",5386,601675408,"20120905R",2012,905,933,3.13,"Ms",4.24,38.516,46.73,18
"8938",5389,601863023,"20120906R",2012,906,309,3.35,"ML",3.8,38.4,46.661,4
"8956",5398,601738026,"20120910R",2012,910,855,2.77,"Ms",4.02,38.489,46.719,16.6
"8964",5403,601751664,"20120914R",2012,914,219,2.8,"Ms",4.04,38.467,46.655,7.2
"8978",5410,601719520,"20120917R",2012,917,705,3.25,"Ms",4.32,38.484,46.693,18
"8984",5412,601736494,"20120922R",2012,922,450,3.2,"Ms",4.29,38.464,46.684,14.1
"8995",5447,601999004,"20121020R",2012,1020,341,3.58,"ML",4.03,38.406,46.631,4
"9002",5452,601851728,"20121026R",2012,1026,2231,4.51,"M",4.51,38.481,46.652,17
"9014",5456,601852898,"20121027R",2012,1027,356,3.13,"Ms",4.24,38.491,46.658,17.2
"9020",5458,604084679,"20121106AR",2012,1106,1313,3.67,"ML",4.12,38.395,46.611,4
"9026",5461,604084682,"20121107BR",2012,1107,635,3.05,"ML",3.5,38.45,46.56,4.1
"9031",5463,602054270,"20121107DR",2012,1107,702,3.4,"Ms",4.41,38.486,46.561,14.1
"9044",5471,-999,"20121107R",2012,1107,626,5.6,"M",5.6,38.45,46.52,14
"9069",5475,601883737,"20121110R",2012,1110,1348,3.1,"Ms",4.22,38.488,46.727,14.1
"9073",5476,601991688,"20121111R",2012,1111,402,3.47,"ML",3.92,38.494,46.594,4
"9077",5478,604084695,"20121112R",2012,1112,1210,3.8,"ML",4.25,38.467,46.54,8.9
"9083",5480,601903371,"20121116R",2012,1116,358,4.87,"M",4.87,38.564,46.585,15
"9092",5481,604084709,"20121117R",2012,1117,1452,3.4,"ML",3.85,38.421,46.847,6
"9107",5491,601996088,"20121205R",2012,1205,1708,5.78,"M",5.78,33.472,59.563,14.1
"9116",5493,602056611,"20121223R",2012,1223,638,5.09,"M",5.09,38.487,44.934,12
"9128",5496,602380752,"20121228R",2012,1228,17,3.15,"ML",3.6,38.385,46.657,4
"9132",5499,602213390,"20130106R",2013,106,1524,3.28,"Ms",4.34,30.234,57.473,10
"9141",5504,602400903,"20130112AR",2013,112,333,3.73,"ML",4.18,31.81,51.07,14
"9155",5510,602856160,"20130121R",2013,121,1948,5.48,"M",5.48,30.368,57.466,10
"9174",5522,602354473,"20130125R",2013,125,1211,5.02,"M",5.02,31.882,50.954,5
"9181",5525,-999,"20130126R",2013,126,1510,4.8,"mb",4.97,38.295,46.814,18
"9212",5535,-999,"20130129R",2013,129,1250,3.4,"M",3.4,38.396,46.825,6
"9218",5538,-999,"20130212AR",2013,212,2231,3.8,"M",3.8,38.481,46.722,9
"9234",5544,-999,"20130302AR",2013,302,1732,3.6,"M",3.6,38.421,46.705,4
"9240",5547,602567172,"20130302CR",2013,302,1924,3.62,"Ms",4.55,31.94,51.023,10
"9249",5550,602567173,"20130302R",2013,302,1929,3.2,"Ms",4.29,31.929,51.043,8
"9254",5553,602567962,"20130303R",2013,303,2059,3.48,"Ms",4.46,38.64,46.85,14
"9268",5558,602754657,"20130318R",2013,318,953,3.05,"Ms",4.19,38.4,46.657,4
"9337",5624,602772030,"20130410AR",2013,410,158,5.44,"M",5.44,28.473,51.684,26.9
"9344",5626,602772037,"20130410BR",2013,410,710,5.13,"M",5.13,28.36,51.78,11.1
"9349",5629,602772039,"20130410CR",2013,410,800,5.24,"M",5.24,28.406,51.653,20
"9385",5658,602788032,"20130414AR",2013,414,909,3,"Ms",4.16,28.145,51.479,22.6
